{
    "mason_100": {
        "tp": 1750310.0,
        "fp": 15390.0,
        "fn": 0.0,
        "ok": 0.0,
        "no": 131347.0,
        "tot": 1897047.0,
        "sens": 0.991284,
        "prec": 0.991284,
        "f1": 0.991284,
        "pears": 1.0
    },
    "mason_1000": {
        "tp": 186999.0,
        "fp": 2576.0,
        "fn": 0.0,
        "ok": 0.0,
        "no": 1531.0,
        "tot": 191106.0,
        "sens": 0.986412,
        "prec": 0.986412,
        "f1": 0.986412,
        "pears": 1.0
    },
    "mason_200": {
        "tp": 911279.0,
        "fp": 7378.0,
        "fn": 0.0,
        "ok": 0.0,
        "no": 36743.0,
        "tot": 955400.0,
        "sens": 0.991969,
        "prec": 0.991969,
        "f1": 0.991969,
        "pears": 1.0
    },
    "mason_300": {
        "tp": 616131.0,
        "fp": 5471.0,
        "fn": 0.0,
        "ok": 0.0,
        "no": 17195.0,
        "tot": 638797.0,
        "sens": 0.991199,
        "prec": 0.991199,
        "f1": 0.991199,
        "pears": 1.0
    },
    "mason_400": {
        "tp": 464090.0,
        "fp": 4531.0,
        "fn": 0.0,
        "ok": 0.0,
        "no": 9915.0,
        "tot": 478536.0,
        "sens": 0.990331,
        "prec": 0.990331,
        "f1": 0.990331,
        "pears": 1.0
    },
    "mason_500": {
        "tp": 372965.0,
        "fp": 4013.0,
        "fn": 0.0,
        "ok": 0.0,
        "no": 6326.0,
        "tot": 383304.0,
        "sens": 0.989355,
        "prec": 0.989355,
        "f1": 0.989355,
        "pears": 1.0
    },
    "mason_600": {
        "tp": 308858.0,
        "fp": 3355.0,
        "fn": 0.0,
        "ok": 0.0,
        "no": 4296.0,
        "tot": 316509.0,
        "sens": 0.989254,
        "prec": 0.989254,
        "f1": 0.989254,
        "pears": 1.0
    },
    "mason_700": {
        "tp": 265987.0,
        "fp": 3073.0,
        "fn": 0.0,
        "ok": 0.0,
        "no": 3134.0,
        "tot": 272194.0,
        "sens": 0.988579,
        "prec": 0.988579,
        "f1": 0.988579,
        "pears": 1.0
    },
    "mason_800": {
        "tp": 233166.0,
        "fp": 2889.0,
        "fn": 0.0,
        "ok": 0.0,
        "no": 2401.0,
        "tot": 238456.0,
        "sens": 0.987761,
        "prec": 0.987761,
        "f1": 0.987761,
        "pears": 1.0
    },
    "mason_900": {
        "tp": 207582.0,
        "fp": 2676.0,
        "fn": 0.0,
        "ok": 0.0,
        "no": 1919.0,
        "tot": 212177.0,
        "sens": 0.987273,
        "prec": 0.987273,
        "f1": 0.987273,
        "pears": 1.0
    },
    "simlord_1000": {
        "tp": 2251377.0,
        "fp": 378825.0,
        "fn": 0.0,
        "ok": 0.0,
        "no": 253936.0,
        "tot": 2884138.0,
        "sens": 0.855971,
        "prec": 0.855971,
        "f1": 0.855971,
        "pears": 0.999999
    },
    "simlord_10000": {
        "tp": 220150.0,
        "fp": 75346.0,
        "fn": 0.0,
        "ok": 0.0,
        "no": 61646.0,
        "tot": 357142.0,
        "sens": 0.745019,
        "prec": 0.745019,
        "f1": 0.745019,
        "pears": 0.999998
    },
    "simlord_2000": {
        "tp": 994705.0,
        "fp": 281357.0,
        "fn": 0.0,
        "ok": 0.0,
        "no": 198949.0,
        "tot": 1475011.0,
        "sens": 0.779511,
        "prec": 0.779511,
        "f1": 0.779511,
        "pears": 0.999998
    },
    "simlord_3000": {
        "tp": 629797.0,
        "fp": 228240.0,
        "fn": 0.0,
        "ok": 0.0,
        "no": 171508.0,
        "tot": 1029545.0,
        "sens": 0.733997,
        "prec": 0.733997,
        "f1": 0.733997,
        "pears": 0.999997
    },
    "simlord_4000": {
        "tp": 470341.0,
        "fp": 185135.0,
        "fn": 0.0,
        "ok": 0.0,
        "no": 148904.0,
        "tot": 804380.0,
        "sens": 0.717556,
        "prec": 0.717556,
        "f1": 0.717556,
        "pears": 0.999996
    },
    "simlord_5000": {
        "tp": 384550.0,
        "fp": 153189.0,
        "fn": 0.0,
        "ok": 0.0,
        "no": 127127,
        "tot": 664866.0,
        "sens": 0.715124,
        "prec": 0.715124,
        "f1": 0.715124,
        "pears": 0.999996
    },
    "simlord_6000": {
        "tp": 325169.0,
        "fp": 130178.0,
        "fn": 0.0,
        "ok": 0.0,
        "no": 110886.0,
        "tot": 566233.0,
        "sens": 0.714113,
        "prec": 0.714113,
        "f1": 0.714113,
        "pears": 0.999997
    },
    "simlord_7000": {
        "tp": 284344.0,
        "fp": 112645.0,
        "fn": 0.0,
        "ok": 0.0,
        "no": 97168.0,
        "tot": 494157.0,
        "sens": 0.716252,
        "prec": 0.716252,
        "f1": 0.716252,
        "pears": 0.999997
    },
    "simlord_8000": {
        "tp": 257040.0,
        "fp": 98007.0,
        "fn": 0.0,
        "ok": 0.0,
        "no": 83376.0,
        "tot": 438423.0,
        "sens": 0.72396,
        "prec": 0.72396,
        "f1": 0.72396,
        "pears": 0.999997
    },
    "simlord_9000": {
        "tp": 237285.0,
        "fp": 85097.0,
        "fn": 0.0,
        "ok": 0.0,
        "no": 71292.0,
        "tot": 393674.0,
        "sens": 0.736037,
        "prec": 0.736037,
        "f1": 0.736037,
        "pears": 0.999998
    }
}
